id,epoch,eva,test,lr
1, 0.201, 0.199, 0.001000
2, 0.219, 0.228, 0.000100
3, 0.214, 0.221, 0.000010
4, 0.213, 0.215, 0.000001
5, 0.210, 0.211, 0.000000
