id,epoch,eva,test,lr
1, 0.137, 0.130, 0.001000
2, 0.133, 0.135, 0.000100
3, 0.128, 0.127, 0.000010
4, 0.113, 0.116, 0.000001
5, 0.106, 0.109, 0.000000
