id,epoch,eva,test,lr
1, 0.137, 0.130, 0.001000
2, 0.133, 0.135, 0.000100
3, 0.128, 0.127, 0.000010
